problem_id,avg_accuracy,difficulty_score,std_accuracy,num_epochs
1,0.0,1.0,0.0,5
109,0.0,1.0,0.0,5
111,0.0,1.0,0.0,5
112,0.0,1.0,0.0,5
113,0.0,1.0,0.0,5
114,0.0,1.0,0.0,5
115,0.0,1.0,0.0,5
116,0.0,1.0,0.0,5
119,0.0,1.0,0.0,5
120,0.0,1.0,0.0,5
121,0.0,1.0,0.0,5
122,0.0,1.0,0.0,5
123,0.0,1.0,0.0,5
124,0.0,1.0,0.0,5
127,0.0,1.0,0.0,5
128,0.0,1.0,0.0,5
129,0.0,1.0,0.0,5
110,0.0,1.0,0.0,5
108,0.0,1.0,0.0,5
132,0.0,1.0,0.0,5
106,0.0,1.0,0.0,5
80,0.0,1.0,0.0,5
81,0.0,1.0,0.0,5
82,0.0,1.0,0.0,5
84,0.0,1.0,0.0,5
87,0.0,1.0,0.0,5
88,0.0,1.0,0.0,5
92,0.0,1.0,0.0,5
93,0.0,1.0,0.0,5
94,0.0,1.0,0.0,5
97,0.0,1.0,0.0,5
2,0.0,1.0,0.0,5
99,0.0,1.0,0.0,5
102,0.0,1.0,0.0,5
103,0.0,1.0,0.0,5
105,0.0,1.0,0.0,5
130,0.0,1.0,0.0,5
133,0.0,1.0,0.0,5
77,0.0,1.0,0.0,5
169,0.0,1.0,0.0,5
175,0.0,1.0,0.0,5
178,0.0,1.0,0.0,5
181,0.0,1.0,0.0,5
182,0.0,1.0,0.0,5
183,0.0,1.0,0.0,5
184,0.0,1.0,0.0,5
185,0.0,1.0,0.0,5
187,0.0,1.0,0.0,5
188,0.0,1.0,0.0,5
189,0.0,1.0,0.0,5
191,0.0,1.0,0.0,5
192,0.0,1.0,0.0,5
193,0.0,1.0,0.0,5
196,0.0,1.0,0.0,5
197,0.0,1.0,0.0,5
171,0.0,1.0,0.0,5
168,0.0,1.0,0.0,5
134,0.0,1.0,0.0,5
166,0.0,1.0,0.0,5
136,0.0,1.0,0.0,5
138,0.0,1.0,0.0,5
139,0.0,1.0,0.0,5
142,0.0,1.0,0.0,5
144,0.0,1.0,0.0,5
145,0.0,1.0,0.0,5
147,0.0,1.0,0.0,5
148,0.0,1.0,0.0,5
149,0.0,1.0,0.0,5
152,0.0,1.0,0.0,5
156,0.0,1.0,0.0,5
158,0.0,1.0,0.0,5
161,0.0,1.0,0.0,5
163,0.0,1.0,0.0,5
164,0.0,1.0,0.0,5
79,0.0,1.0,0.0,5
98,0.0,1.0,0.0,5
199,0.0,1.0,0.0,5
18,0.0,1.0,0.0,5
22,0.0,1.0,0.0,5
58,0.0,1.0,0.0,5
57,0.0,1.0,0.0,5
24,0.0,1.0,0.0,5
55,0.0,1.0,0.0,5
54,0.0,1.0,0.0,5
25,0.0,1.0,0.0,5
26,0.0,1.0,0.0,5
50,0.0,1.0,0.0,5
27,0.0,1.0,0.0,5
30,0.0,1.0,0.0,5
48,0.0,1.0,0.0,5
31,0.0,1.0,0.0,5
32,0.0,1.0,0.0,5
45,0.0,1.0,0.0,5
44,0.0,1.0,0.0,5
43,0.0,1.0,0.0,5
42,0.0,1.0,0.0,5
41,0.0,1.0,0.0,5
40,0.0,1.0,0.0,5
33,0.0,1.0,0.0,5
39,0.0,1.0,0.0,5
38,0.0,1.0,0.0,5
20,0.0,1.0,0.0,5
60,0.0,1.0,0.0,5
37,0.0,1.0,0.0,5
73,0.0,1.0,0.0,5
8,0.0,1.0,0.0,5
69,0.0,1.0,0.0,5
71,0.0,1.0,0.0,5
12,0.0,1.0,0.0,5
6,0.0,1.0,0.0,5
72,0.0,1.0,0.0,5
68,0.0,1.0,0.0,5
67,0.0,1.0,0.0,5
66,0.0,1.0,0.0,5
14,0.0,1.0,0.0,5
15,0.0,1.0,0.0,5
3,0.0,1.0,0.0,5
64,0.0,1.0,0.0,5
63,0.0,1.0,0.0,5
16,0.0,1.0,0.0,5
75,0.0,1.0,0.0,5
62,0.0,1.0,0.0,5
9,0.0,1.0,0.0,5
143,0.2,0.8,0.4000000000000001,5
17,0.2,0.8,0.4000000000000001,5
10,0.2,0.8,0.4,5
186,0.2,0.8,0.4000000000000001,5
36,0.2,0.8,0.4,5
29,0.2,0.8,0.4000000000000001,5
153,0.2,0.8,0.4,5
179,0.2,0.8,0.4000000000000001,5
176,0.2,0.8,0.4,5
13,0.2,0.8,0.4000000000000001,5
76,0.2,0.8,0.4000000000000001,5
89,0.2,0.8,0.4,5
61,0.2,0.8,0.4000000000000001,5
95,0.2,0.8,0.4000000000000001,5
96,0.2,0.8,0.4,5
90,0.2,0.8,0.4,5
126,0.2,0.8,0.4000000000000001,5
52,0.2,0.8,0.4000000000000001,5
74,0.2,0.8,0.4,5
56,0.2,0.8,0.4,5
86,0.2,0.8,0.4000000000000001,5
162,0.4,0.6,0.48989794855663565,5
7,0.4,0.6,0.48989794855663565,5
155,0.4,0.6,0.48989794855663565,5
173,0.4,0.6,0.48989794855663565,5
85,0.4,0.6,0.48989794855663565,5
70,0.4,0.6,0.48989794855663565,5
47,0.4,0.6,0.48989794855663565,5
198,0.4,0.6,0.48989794855663565,5
100,0.4,0.6,0.48989794855663565,5
59,0.4,0.6,0.48989794855663565,5
104,0.6,0.4,0.48989794855663565,5
23,0.6,0.4,0.48989794855663565,5
78,0.6,0.4,0.48989794855663565,5
5,0.6,0.4,0.48989794855663565,5
19,0.6,0.4,0.48989794855663565,5
170,0.6,0.4,0.48989794855663565,5
150,0.6,0.4,0.48989794855663565,5
49,0.6,0.4,0.48989794855663565,5
131,0.6,0.4,0.48989794855663565,5
172,0.8,0.19999999999999996,0.4000000000000001,5
101,0.8,0.19999999999999996,0.4000000000000001,5
65,0.8,0.19999999999999996,0.4000000000000001,5
167,0.8,0.19999999999999996,0.4000000000000001,5
159,0.8,0.19999999999999996,0.4,5
107,0.8,0.19999999999999996,0.4,5
194,0.8,0.19999999999999996,0.4,5
141,0.8,0.19999999999999996,0.4,5
140,0.8,0.19999999999999996,0.4,5
34,0.8,0.19999999999999996,0.4,5
35,0.8,0.19999999999999996,0.4000000000000001,5
11,0.8,0.19999999999999996,0.4000000000000001,5
190,1.0,0.0,0.0,5
83,1.0,0.0,0.0,5
195,1.0,0.0,0.0,5
4,1.0,0.0,0.0,5
135,1.0,0.0,0.0,5
91,1.0,0.0,0.0,5
177,1.0,0.0,0.0,5
21,1.0,0.0,0.0,5
165,1.0,0.0,0.0,5
160,1.0,0.0,0.0,5
53,1.0,0.0,0.0,5
157,1.0,0.0,0.0,5
154,1.0,0.0,0.0,5
51,1.0,0.0,0.0,5
117,1.0,0.0,0.0,5
151,1.0,0.0,0.0,5
28,1.0,0.0,0.0,5
118,1.0,0.0,0.0,5
46,1.0,0.0,0.0,5
137,1.0,0.0,0.0,5
